Constituency,Name,Date
NA-1,abdul latif,2024-06-07
NA-4,sohail sultan,2024-06-07
NA-5,sahibzada sibghatullah,2024-06-07
NA-6,muhammad bashir khan,2024-06-07
NA-7,mehboob shah,2024-06-07
NA-8,mubarak zeb,2024-06-07
NA-9,junaid akbar,2024-06-07
NA-10,gohar ali khan,2024-06-07
NA-14,sardar muhammad yousaf zaman,2024-06-07
NA-15,shahzada muhammad gushtasap khan,2024-06-07
NA-16,ali asghar khan,2024-06-07
NA-17,ali khan jadoon,2024-06-07
NA-18,omar ayub khan,2024-06-07
NA-19,asad qaiser,2024-06-07
NA-20,shahram khan,2024-06-07
NA-23,ali muhammad,2024-06-07
NA-24,anwar taj,2024-06-07
NA-25,fazal muhammad khan,2024-06-07
NA-26,sajid khan,2024-06-07
NA-27,muhammad iqbal khan (NA-27),2024-06-07
NA-28,noor alam khan,2024-06-07
NA-31,sher ali arbab,2024-06-07
NA-32,asif khan,2024-06-07
NA-33,syed shah ahad ali shah,2024-06-07
NA-34,zulfiqar ali,2024-06-07
NA-36,yousaf khan,2024-06-07
NA-37,hameed hussain,2024-06-07
NA-38,shahid ahmad,2024-06-07
NA-39,nasim ali shah,2024-06-07
NA-40,misbah uddin,2024-06-07
NA-41,sher afzal khan,2024-06-07
NA-42,zubair khan wazir,2024-06-07
NA-44,faisal amin khan,2024-06-07
NA-45,fateh ullah khan,2024-06-07
NA-46,anjum aqeel khan,2024-06-07
NA-47,tariq fazal,2024-06-07
NA-48,raja khurram shahzad nawaz,2024-06-07
NA-49,sheikh aftab ahmed,2024-06-07
NA-50,malik sohail khan,2024-06-07
NA-52,raja pervez ashraf,2024-06-07
NA-53,raja qamar ul islam,2024-06-07
NA-54,aqeel malik,2024-06-07
NA-55,ibrar ahmad,2024-06-07
NA-57,danyal,2024-06-07
NA-58,tahir iqbal,2024-06-07
NA-59,sardar ghulam abbas,2024-06-07
NA-60,bilal azhar kayani,2024-06-07
NA-62,mohammad ilyas choudhary,2024-06-07
NA-66,mohammed ahmed chattha,2024-06-07
NA-67,aniqa mehdi,2024-06-07
NA-68,haji imtiaz ahmed choudhry,2024-06-07
NA-69,nasir iqbal bosal,2024-06-07
NA-70,armghan subhani,2024-06-07
NA-73,syeda nosheen iftikhar,2024-06-07
NA-74,muhammad aslam ghumman,2024-06-07
NA-75,anwar ul haq,2024-06-07
NA-77,mahmood bashir virk,2024-06-07
NA-78,muhammad mobeen arif,2024-06-07
NA-79,ihsan ullah virk,2024-06-07
NA-80,shahid usman,2024-06-07
NA-81,bilal ejaz,2024-06-07
NA-82,mukhtar ahmad malik,2024-06-07
NA-84,shafqat abbas,2024-06-07
NA-85,zulfiqar ali bhatti,2024-06-07
NA-87,malik shakir bashir awan,2024-06-07
NA-88,gul asghar khan,2024-06-07
NA-89,muhammad jamal ahsan khan,2024-06-07
NA-90,umair khan niazi,2024-06-07
NA-91,m. sana ullah khan mastikhel,2024-06-07
NA-92,rashid akbar khan,2024-06-07
NA-94,qaiser ahmad sheikh,2024-06-07
NA-95,ali afzal sahi,2024-06-07
NA-97,mohammad saad ullah,2024-06-07
NA-99,umar farooq,2024-06-07
NA-101,rana atif,2024-06-07
NA-102,changaze ahmad khan,2024-06-07
NA-103,muhammad ali sarfraz,2024-06-07
NA-104,sahibzada muhammad hamid raza,2024-06-07
NA-105,usama hamza,2024-06-07
NA-106,m. junaid anwar chaudhry,2024-06-07
NA-107,mohammad riaz khan,2024-06-07
NA-108,muhammad mahbob sultan,2024-06-07
NA-109,waqas akram,2024-06-07
NA-110,muhammad ameer sultan,2024-06-07
NA-113,ahmad atteeq anwer,2024-06-07
NA-115,khurram shahzad virk,2024-06-07
NA-116,khurram munawar manj,2024-06-07
NA-119,ali pervaiz,2024-06-07
NA-121,waseem qadir,2024-06-07
NA-124,rana mubashir iqbal,2024-06-07
NA-125,muhammad afzal,2024-06-07
NA-128,mohammad awn saqlain,2024-06-07
NA-133,azim uddin zahid,2024-06-07
NA-134,rana muhammad hayat khan,2024-06-07
NA-135,nadeem abbas,2024-06-07
NA-140,rana iradat sharif khan,2024-06-07
NA-141,syed imran ahmad shah,2024-06-07
NA-143,rai hassan nawaz khan,2024-06-07
NA-145,muhammad khan daha,2024-06-07
NA-146,zahoor hussain qureshi,2024-06-07
NA-147,choudhary iftikhar nazir,2024-06-07
NA-148,syed ali qasim gilani,2024-06-07
NA-149,malik muhammad aamir dogar,2024-06-07
NA-150,makhdoom zain hussain qureshi,2024-06-07
NA-151,syed ali musa gilani,2024-06-07
NA-152,syed abdul qadir gilani,2024-06-07
NA-156,ayesha nazir,2024-06-07
NA-163,muhammad ijaz ul haq,2024-06-07
NA-164,mian riaz hussain pirzada,2024-06-07
NA-166,mk syed sami ul hasan gilani,2024-06-07
NA-167,muhammad usman awaisi,2024-06-07
NA-172,javaid iqbal,2024-06-07
NA-174,muhammad azhar khan leghari,2024-06-07
NA-175,jamshaid ahmad,2024-06-07
NA-176,nawabzada iftikhar ahmed khan babar,2024-06-07
NA-177,muhammad moazzam ali khan,2024-06-07
NA-180,fiaz hussain,2024-06-07
NA-181,umber majeed,2024-06-07
NA-182,awais haider jakhar,2024-06-07
NA-183,khawaja sheraz mehmood,2024-06-07
NA-185,zartaj gul,2024-06-07
NA-187,ammar ahmad khan leghari,2024-06-07
NA-189,shamsher ali mazari,2024-06-07
NA-190,aijaz hussain jakhrani,2024-06-07
NA-191,ali jan mazari,2024-06-07
NA-192,mir shabbir ali bijarani,2024-06-07
NA-193,muhammad shahryar khan mahar,2024-06-07
NA-194,bilawal bhutto zardari,2024-06-07
NA-195,nazir ahmed bhugio,2024-06-07
NA-197,mir amir ali khan magsi,2024-06-07
NA-198,khalid ahmed khan lund,2024-06-07
NA-200,nauman lslam shaikh,2024-06-07
NA-201,syed khursheed ahmed shah,2024-06-07
NA-202,nafisa shah,2024-06-07
NA-205,syed abrar ali shah,2024-06-07
NA-206,zulfiqar ali behan,2024-06-07
NA-208,syed ghulam mustafa shah,2024-06-07
NA-209,shazia marri,2024-06-07
NA-212,mir munawar ali talpur,2024-06-07
NA-214,pir ameer ali shah jeelani,2024-06-07
NA-215,mahesh kumar malani,2024-06-07
NA-217,zulfiqar bachani,2024-06-07
NA-218,syed hussain tariq,2024-06-07
NA-219,abdul aleem khan,2024-06-07
NA-220,syed waseem hussain,2024-06-07
NA-221,syed naveed qamar,2024-06-07
NA-223,haji rasool bux chandio,2024-06-07
NA-225,sadiq ali memon,2024-06-07
NA-228,rafiq ahmed jamali,2024-06-07
NA-229,jam abdul karim bijar,2024-06-07
NA-230,syed rafiullah,2024-06-07
NA-232,aasia ishaque siddiqui,2024-06-07
NA-233,muhammad jawed hanif khan,2024-06-07
NA-234,muhammad moin aamer pirzada,2024-06-07
NA-236,hassaan sabir,2024-06-07
NA-237,asad alam niazi,2024-06-07
NA-239,sardar nabil ahmed gabol,2024-06-07
NA-241,mirza ikhtiar baig,2024-06-07
NA-242,syed mustufa kamal,2024-06-07
NA-245,syed hafeezuddin,2024-06-07
NA-246,syed amin ul haque,2024-06-07
NA-248,khalid maqbool siddiqui,2024-06-07
NA-249,ahmed saleem siddiqui,2024-06-07
NA-250,farhan chishti,2024-06-07
NA-251,sayed sami ullah,2024-06-07
NA-252,sardar muhammad yaqoob khan nasir,2024-06-07
NA-253,mian khan,2024-06-07
NA-254,khalid hussain magsi,2024-06-07
NA-255,mir khan muhammad jamali,2024-06-07
NA-258,pullain,2024-06-07
NA-259,malik shah,2024-06-07
NA-260,muhammad usman badini,2024-06-07
NA-261,moulana abdul ghafoor haideri,2024-06-07
NA-266,mehmood khan achakzai,2024-06-07
Reserved Seat,tahira aurangzeb,2024-06-07
Reserved Seat,shaista pervaiz,2024-06-07
Reserved Seat,nuzhat sadiq,2024-06-07
Reserved Seat,seema mohi ud din jamili,2024-06-07
Reserved Seat,romina khurshid alam,2024-06-07
Reserved Seat,wajiha qamar,2024-06-07
Reserved Seat,kiran imran dar,2024-06-07
Reserved Seat,zainab mehmood balcoh,2024-06-07
Reserved Seat,asiya naz tanoli,2024-06-07
Reserved Seat,saba sadiq,2024-06-07
Reserved Seat,farah naz akbar,2024-06-07
Reserved Seat,shahnaz saleem malik,2024-06-07
Reserved Seat,munaza hassan,2024-06-07
Reserved Seat,sehar kamran,2024-06-07
Reserved Seat,sharmila sahiba faruqui hashaam,2024-06-07
Reserved Seat,shagufta jumani,2024-06-07
Reserved Seat,shahida rehmani,2024-06-07
Reserved Seat,syeda shehla raza,2024-06-07
Reserved Seat,mahtab akbar rashdi,2024-06-07
Reserved Seat,mussarat rafique mahesar,2024-06-07
Reserved Seat,mahreen razzaq bhutto,2024-06-07
Reserved Seat,shazia sobia aslam soomro,2024-06-07
Reserved Seat,sofia saeed shah,2024-06-07
Reserved Seat,nikhat shakeel khan,2024-06-07
Reserved Seat,sabheen ghoury,2024-06-07
Reserved Seat,rana ansar,2024-06-07
Reserved Seat,shaista khan,2024-06-07
Reserved Seat,shahida begum,2024-06-07
Reserved Seat,izbal zehri,2024-06-07
Reserved Seat,kiran haider,2024-06-07
Reserved Seat,akhtar bibi,2024-06-07
Reserved Seat,aliya kamran,2024-06-07
Reserved Seat,kesoo mal kheal das,2024-06-07
Reserved Seat,darshan,2024-06-07
Reserved Seat,nelson azeem,2024-06-07
Reserved Seat,ramesh lal,2024-06-07
Reserved Seat,naveed aamir,2024-06-07
