Constituency,Name,Date
NA-1,abdul latif,2024-04-19
NA-3,saleem rehman,2024-04-19
NA-4,sohail sultan,2024-04-19
NA-5,sahibzada sibghatullah,2024-04-19
NA-6,muhammad bashir khan,2024-04-19
NA-7,mehboob shah,2024-04-19
NA-9,junaid akbar,2024-04-19
NA-10,barrister gohar ali khan,2024-04-19
NA-12,muhammad ldrees,2024-04-19
NA-13,prince nawaz allai,2024-04-19
NA-14,sardar muhammad yousaf zaman,2024-04-19
NA-15,shahzada muhammad gushtasap khan,2024-04-19
NA-16,ali asghar khan,2024-04-19
NA-17,ali khan jadoon,2024-04-19
NA-18,omar ayub khan,2024-04-19
NA-21,mujahid ali,2024-04-19
NA-22,muhammad atif,2024-04-19
NA-23,ali muhammad khan,2024-04-19
NA-24,malik anwar taj,2024-04-19
NA-25,fazal muhammad khan,2024-04-19
NA-26,sajid khan,2024-04-19
NA-27Mr.,muhammad lqbal khan (before,2024-04-19
NA-28,noor alam khan,2024-04-19
NA-30,shandana gulzar khan,2024-04-19
NA-33,syed shah ahad ali shah,2024-04-19
NA-34,zulfiqar ali,2024-04-19
NA-36,yousaf khan,2024-04-19
NA-37,hameed hussain,2024-04-19
NA-38,shahid ahmad,2024-04-19
NA-39,moulana nasim ali shah,2024-04-19
NA-41,sher afzal khan marwat,2024-04-19
NA-42,zubair khan,2024-04-19
NA-45,fateh ullah khan,2024-04-19
NA-46,anjum aqeel khan,2024-04-19
NA-47,dr.tariq fazal,2024-04-19
NA-48,raja khurram shahzad nawaz,2024-04-19
NA-49,sheikh aftab ahmed,2024-04-19
NA-52,raja pervez ashraf,2024-04-19
NA-53,qamar ul lslam raja,2024-04-19
NA-54,barrister aqeel malik,2024-04-19
NA-55,lbrar ahmad,2024-04-19
NA-56,muhammad hanif abbasi,2024-04-19
NA-57,danyal,2024-04-19
NA-58,tahir iqbal,2024-04-19
NA-59,sardar ghulam abbas,2024-04-19
NA-60,bilal azhar kayani,2024-04-19
NA-62,mohammad ilyas choudhary,2024-04-19
NA-65,choudhary naseer ahmed abbas,2024-04-19
NA-68,haji lmtiaz ahmed choudhry,2024-04-19
NA-70,armghan subhani,2024-04-19
NA-71,khawaja muhammad asif,2024-04-19
NA-72,ali zahid,2024-04-19
NA-73,syeda nosheen lftikhar,2024-04-19
NA-74,muhammad aslam ghumman,2024-04-19
NA-77,mahmood bashir virk,2024-04-19
NA-78,muhammad mobeen arif,2024-04-19
NA-79,lhsan ullah virk,2024-04-19
NA-80,shahid usman,2024-04-19
NA-82,mukhtar ahmad malik,2024-04-19
NA-83,usama ahmed mela,2024-04-19
NA-84,shafqat abbas,2024-04-19
NA-85,zulfiqar ali bhatti,2024-04-19
NA-87,malik shakir bashir awan,2024-04-19
NA-88,gul asghar khan,2024-04-19
NA-89,muhammad jamal ahsan khan,2024-04-19
NA-90,umair khan niazi,2024-04-19
NA-91,m. sana ullah khan mastikhel,2024-04-19
NA-93,mehar ghulam muhammad lali,2024-04-19
NA-95,ali afzal sahi,2024-04-19
NA-96,rai haider ali khan,2024-04-19
NA-98,muhammad shahbaz babar,2024-04-19
NA-100,nisar ahmed,2024-04-19
NA-102,changaze ahmad khan,2024-04-19
NA-104,sahibzada muhammad hamid raza,2024-04-19
NA-106,m. junaid anwar chaudhry,2024-04-19
NA-110,muhammad ameer sultan,2024-04-19
NA-111,muhammad arshad sahi,2024-04-19
NA-112,shezra mansab ali khan kharal,2024-04-19
NA-116,khurram munawar manj,2024-04-19
NA-120,sardar ayaz sadiq,2024-04-19
NA-121,waseem qadir,2024-04-19
NA-125,muhammad afzal,2024-04-19
NA-126,malik saif ul malook khokhar,2024-04-19
NA-127,attaullah tarar,2024-04-19
NA-128,mohammad awn saqlain,2024-04-19
NA-133,azim uddin zahid,2024-04-19
NA-134,rana muhammad hayat khan,2024-04-19
NA-135,nadeem abbas,2024-04-19
NA-139,ahmad raza maneka,2024-04-19
NA-143,rai hassan nawaz khan,2024-04-19
NA-145,muhammad khan daha,2024-04-19
NA-146,zahoor hussain qureshi,2024-04-19
NA-147,choudhary lftikhar nazir,2024-04-19
NA-149,malik muhammad aamir dogar,2024-04-19
NA-150,makhdoom zain hussain qureshi,2024-04-19
NA-152,syed abdul qadir gilani,2024-04-19
NA-156,ayesha nazir jatt,2024-04-19
NA-157,sajid mehdi,2024-04-19
NA-158,begum tehmina daultana,2024-04-19
NA-160,muhammad abdul ghaffar watto,2024-04-19
NA-167,muhammad usman awaisi,2024-04-19
NA-168,malik muhammad lqbal,2024-04-19
NA-170,mian ghous muhammad,2024-04-19
NA-172,javaid lqbal waraich,2024-04-19
NA-175Mr.Jamshaid,ahmad (before theconclusion,2024-04-19
NA-176,nawabzada lftikhar ahmed khan babar,2024-04-19
NA-177,muhammad muazzam ali khan jatoi,2024-04-19
NA-179,muhammad shabbir ali qureshi,2024-04-19
NA-180,fiaz hussain,2024-04-19
NA-182,awais haider jakhar,2024-04-19
NA-183,khawaja sheraz mehmood,2024-04-19
NA-184,abdul qadir khan,2024-04-19
NA-188,hafeez ur rehman khan drishak,2024-04-19
NA-189,shamsher ali mazari,2024-04-19
NA-190,aijaz hussain jakhrani,2024-04-19
NA-191,ali jan mazari,2024-04-19
NA-192,mir shabbir ali bijarani,2024-04-19
NA-193,muhammad shahryar khan mahar,2024-04-19
NA-194,bilawal bhutto zardari,2024-04-19
NA-195,nazir ahmed bhugio,2024-04-19
NA-199,ali gohar khan mahar,2024-04-19
NA-202,nafisa shah,2024-04-19
NA-203,pir syed fazal ali shah jillani,2024-04-19
NA-204,syed javed ali shah jillani,2024-04-19
NA-205,syed abrar ali shah,2024-04-19
NA-206,zulfiqar ali behan,2024-04-19
NA-207,aseefa bhutto zardari,2024-04-19
NA-208,syed ghulam mustafa shah,2024-04-19
NA-209,shazia marri,2024-04-19
NA-210,salahuddin junejo,2024-04-19
NA-213,nawab muhammad yousuf talpur,2024-04-19
NA-215,mahesh kumar malani,2024-04-19
NA-217,zulfiqar sattar bachani,2024-04-19
NA-219,abdul aleem khan,2024-04-19
NA-220,syed waseem hussain,2024-04-19
NA-221,syed naveed qamar,2024-04-19
NA-222,mir ghulam ali talpur,2024-04-19
NA-223,haji rasool bux chandio,2024-04-19
NA-225,sadiq ali memon,2024-04-19
NA-226,malik asad sikandar,2024-04-19
NA-228,rafiq ahmed jamali,2024-04-19
NA-229,jam abdul karim bijar,2024-04-19
NA-230,syed rafiullah,2024-04-19
NA-232,aasia lshaque siddiqui,2024-04-19
NA-233,muhammad jawed hanif khan,2024-04-19
NA-234,muhammad moin aamer pirzada,2024-04-19
NA-235,muhammad lqbal khan,2024-04-19
NA-236,hassaan sabir,2024-04-19
NA-237,asad alam niazi,2024-04-19
NA-240,arshad abdullah vohra,2024-04-19
NA-243,abdul qadir patel,2024-04-19
NA-245,syed hafeezuddin,2024-04-19
NA-246,syed amin ul haque,2024-04-19
NA-247,khawaja lzhar ul hassan,2024-04-19
NA-248,khalid maqbool siddiqui,2024-04-19
NA-249,ahmed saleem siddiqui,2024-04-19
NA-250,farhan chishti,2024-04-19
NA-251,sayed sami ullah,2024-04-19
NA-253,mian khan bugti,2024-04-19
NA-254,khalid hussain magsi,2024-04-19
NA-255,mir muhammad khan jamali,2024-04-19
NA-258,pullain,2024-04-19
NA-263,haji jamal shah kakar,2024-04-19
NA-264,nawabzada mir jamal khan raisani,2024-04-19
Reserved Seat,tahira aurangzeb,2024-04-19
Reserved Seat,muneeba iqbal,2024-04-19
Reserved Seat,nuzhat sadiq,2024-04-19
Reserved Seat,musarrat asif khawaja,2024-04-19
Reserved Seat,seema mohi ud din jamili,2024-04-19
Reserved Seat,romina khurshid alam,2024-04-19
Reserved Seat,zeb jaffar,2024-04-19
Reserved Seat,kiran imran dar,2024-04-19
Reserved Seat,zahra wadood fatemi,2024-04-19
Reserved Seat,asia naz tanoli,2024-04-19
Reserved Seat,farah naz akbar,2024-04-19
Reserved Seat,shahnaz saleem malik,2024-04-19
Reserved Seat,tamkeen akhtar niazi,2024-04-19
Reserved Seat,saira tarar,2024-04-19
Reserved Seat,huma akhtar chughtai,2024-04-19
Reserved Seat,mah jabeen khan abbasi,2024-04-19
Reserved Seat,gulnaz shahzadi,2024-04-19
Reserved Seat,shamaila rana,2024-04-19
Reserved Seat,shazia farid,2024-04-19
Reserved Seat,syeda amnah batool,2024-04-19
Reserved Seat,samina khalid ghurki,2024-04-19
Reserved Seat,nishasta daultana,2024-04-19
Reserved Seat,farukh khan,2024-04-19
Reserved Seat,sehar kamran,2024-04-19
Reserved Seat,sharmila sahiba faruqui hashaam,2024-04-19
Reserved Seat,shagufta jumani,2024-04-19
Reserved Seat,shahida rehmani,2024-04-19
Reserved Seat,syeda shehla raza,2024-04-19
Reserved Seat,mahtab akbar rashdi,2024-04-19
Reserved Seat,mussarat,2024-04-19
Reserved Seat,mahreen razzaq bhutto,2024-04-19
Reserved Seat,shazia sobia aslam,2024-04-19
Reserved Seat,naz baloch,2024-04-19
Reserved Seat,sofia saeed shah,2024-04-19
Reserved Seat,nikhat shakeel khan,2024-04-19
Reserved Seat,sabheen ghoury,2024-04-19
Reserved Seat,rana ansar,2024-04-19
Reserved Seat,ghazala anjum,2024-04-19
Reserved Seat,shaheen,2024-04-19
Reserved Seat,naeema kishwar khan,2024-04-19
Reserved Seat,sadaf ihsan,2024-04-19
Reserved Seat,asma alamgir,2024-04-19
Reserved Seat,naeema kanwal,2024-04-19
Reserved Seat,shaista khan,2024-04-19
Reserved Seat,shahida begum,2024-04-19
Reserved Seat,kiran haider,2024-04-19
Reserved Seat,akhtar bibi,2024-04-19
Reserved Seat,aliya kamran,2024-04-19
Reserved Seat,kesoo mal kheal das,2024-04-19
Reserved Seat,darshan,2024-04-19
Reserved Seat,nelson azeem,2024-04-19
Reserved Seat,isphanyar m bhandara,2024-04-19
Reserved Seat,neelum,2024-04-19
Reserved Seat,james iqbal,2024-04-19
Reserved Seat,ramesh lal,2024-04-19
Reserved Seat,naveed aamir jeeva,2024-04-19
