Constituency,Name,Date
NA-3,saleem rehman,2024-09-06
NA-4,sohail sultan,2024-09-06
NA-5,sahibzada sibghatullah,2024-09-06
NA-6,muhammad bashir khan,2024-09-06
NA-7,mehboob shah,2024-09-06
NA-9,junaid akbar,2024-09-06
NA-10,gohar ali khan,2024-09-06
NA-12,muhammad idrees,2024-09-06
NA-13,muhammad nawaz khan,2024-09-06
NA-14,sardar muhammad yousaf zaman,2024-09-06
NA-17,ali khan jadoon,2024-09-06
NA-18,omar ayub khan,2024-09-06
NA-21,mujahid ali,2024-09-06
NA-22,muhammad atif,2024-09-06
NA-23,ali muhammad,2024-09-06
NA-24,anwar taj,2024-09-06
NA-26,sajid khan,2024-09-06
NA-28,noor alam khan,2024-09-06
NA-30,shandana gulzar khan,2024-09-06
NA-32,asif khan,2024-09-06
NA-33,syed shah ahad ali shah,2024-09-06
NA-34,zulfiqar ali,2024-09-06
NA-36,yousaf khan,2024-09-06
NA-37,hameed hussain,2024-09-06
NA-38,shahid ahmad,2024-09-06
NA-43,dawar khan kundi,2024-09-06
NA-45,fateh ullah khan,2024-09-06
NA-46,anjum aqeel khan,2024-09-06
NA-47,tariq fazal,2024-09-06
NA-48,raja khurram shahzad nawaz,2024-09-06
NA-49,sheikh aftab ahmed,2024-09-06
NA-53,raja qamar ul islam,2024-09-06
NA-54,aqeel malik,2024-09-06
NA-55,ibrar ahmad,2024-09-06
NA-56,muhammad hanif abbasi,2024-09-06
NA-57,danyal,2024-09-06
NA-58,tahir iqbal,2024-09-06
NA-59,sardar ghulam abbas,2024-09-06
NA-65,chudhary naseer ahmed abbas,2024-09-06
NA-66,mohammed ahmed chattha,2024-09-06
NA-69,nasir iqbal bosal,2024-09-06
NA-70,armghan subhani,2024-09-06
NA-71,khawaja muhammad asif,2024-09-06
NA-72,ali zahid,2024-09-06
NA-74,muhammad aslam ghumman,2024-09-06
NA-75,anwar ul haq,2024-09-06
NA-77,mahmood bashir virk,2024-09-06
NA-79,zulfiqar ahmad,2024-09-06
NA-80,shahid usman,2024-09-06
NA-81,azhar qayyum nahra,2024-09-06
NA-82,mukhtar ahmad malik,2024-09-06
NA-83,usama ahmed mela,2024-09-06
NA-87,malik shakir bashir awan,2024-09-06
NA-88,gul asghar khan,2024-09-06
NA-89,muhammad jamal ahsan khan,2024-09-06
NA-90,umair khan niazi,2024-09-06
NA-91,m. sana ullah khan mastikhel,2024-09-06
NA-93,ghulam muhammad,2024-09-06
NA-97,mohammad saad ullah,2024-09-06
NA-100,nisar ahmed,2024-09-06
NA-102,changaze ahmad khan,2024-09-06
NA-104,sahibzada muhammad hamid raza,2024-09-06
NA-106,m. junaid anwar chaudhry,2024-09-06
NA-109,waqas akram,2024-09-06
NA-111,muhammad arshad sahi,2024-09-06
NA-112,shezra mansab ali khan kharal,2024-09-06
NA-113,ahmad atteeq anwer,2024-09-06
NA-115,khurram shahzad virk,2024-09-06
NA-119,ali pervaiz,2024-09-06
NA-120,sardar ayaz sadiq,2024-09-06
NA-121,waseem qadir,2024-09-06
NA-122,sardar muhammad latif khan khosa,2024-09-06
NA-124,rana mubashir iqbal,2024-09-06
NA-125,muhammad afzal,2024-09-06
NA-128,mohammad awn saqlain,2024-09-06
NA-132,rasheed ahmed khan,2024-09-06
NA-133,azim uddin zahid,2024-09-06
NA-134,rana muhammad hayat khan,2024-09-06
NA-135,nadeem abbas,2024-09-06
NA-138,muhammad mueen wattoo,2024-09-06
NA-139,ahmad raza maneka,2024-09-06
NA-140,rana iradat sharif khan,2024-09-06
NA-141,syed imran ahmad shah,2024-09-06
NA-145,muhammad khan daha,2024-09-06
NA-149,malik muhammad aamir dogar,2024-09-06
NA-151,syed ali musa gilani,2024-09-06
NA-152,syed abdul qadir gilani,2024-09-06
NA-153,rana muhammad qasim noon,2024-09-06
NA-156,ayesha nazir,2024-09-06
NA-157,sajid mehdi,2024-09-06
NA-159,aurangzeb khan khichi,2024-09-06
NA-160,muhammad abdul ghaffar watto,2024-09-06
NA-163,muhammad ijaz ul haq,2024-09-06
NA-164,mian riaz hussain pirzada,2024-09-06
NA-167,muhammad usman awaisi,2024-09-06
NA-168,malik muhammad iqbal,2024-09-06
NA-174,muhammad azhar khan leghari,2024-09-06
NA-175,jamshaid ahmad,2024-09-06
NA-176,nawabzada iftikhar ahmed khan babar,2024-09-06
NA-178,aamir talal khan,2024-09-06
NA-179,muhammad shabbir ali qureshi,2024-09-06
NA-182,awais haider jakhar,2024-09-06
NA-183,khawaja sheraz mehmood,2024-09-06
NA-184,abdul qadir khan,2024-09-06
NA-187,ammar ahmad khan leghari,2024-09-06
NA-189,shamsher ali mazari,2024-09-06
NA-195,nazir ahmed bhugio,2024-09-06
NA-202,nafisa shah,2024-09-06
NA-204,syed javed ali shah jillani,2024-09-06
NA-210,salahuddin junejo,2024-09-06
NA-212,mir munawar ali talpur,2024-09-06
NA-218,syed hussain tariq,2024-09-06
NA-219,abdul aleem khan,2024-09-06
NA-220,syed waseem hussain,2024-09-06
NA-221,syed naveed qamar,2024-09-06
NA-223,haji rasool bux chandio,2024-09-06
NA-225,sadiq ali memon,2024-09-06
NA-230,syed rafiullah,2024-09-06
NA-232,aasia ishaque siddiqui,2024-09-06
NA-234,muhammad moin aamer pirzada,2024-09-06
NA-237,asad alam niazi,2024-09-06
NA-239,sardar nabil ahmed gabol,2024-09-06
NA-241,mirza ikhtiar baig,2024-09-06
NA-245,syed hafeezuddin,2024-09-06
NA-246,syed amin ul haque,2024-09-06
NA-249,ahmed saleem siddiqui,2024-09-06
NA-252,sardar muhammad yaqoob khan nasir,2024-09-06
NA-253,mian khan,2024-09-06
NA-254,khalid hussain magsi,2024-09-06
NA-255,mir khan muhammad jamali,2024-09-06
NA-258,pullain,2024-09-06
NA-260,muhammad usman badini,2024-09-06
NA-261,moulana abdul ghafoor haideri,2024-09-06
NA-262,adil khan bazai,2024-09-06
NA-263,haji jamal shah kakar,2024-09-06
NA-266,mehmood khan achakzai,2024-09-06
Reserved Seat,tahira aurangzeb,2024-09-06
Reserved Seat,shaista pervaiz,2024-09-06
Reserved Seat,muneeba iqbal,2024-09-06
Reserved Seat,musarrat asif khawaja,2024-09-06
Reserved Seat,seema mohi ud din jamili,2024-09-06
Reserved Seat,romina khurshid alam,2024-09-06
Reserved Seat,wajiha qamar,2024-09-06
Reserved Seat,zeb jaffar,2024-09-06
Reserved Seat,kiran imran dar,2024-09-06
Reserved Seat,zainab mehmood baloch,2024-09-06
Reserved Seat,zahra wadood fatemi,2024-09-06
Reserved Seat,asiya naz tanoli,2024-09-06
Reserved Seat,saba sadiq,2024-09-06
Reserved Seat,farah naz akbar,2024-09-06
Reserved Seat,shahnaz saleem malik,2024-09-06
Reserved Seat,farakh khan,2024-09-06
Reserved Seat,sehar kamran,2024-09-06
Reserved Seat,shagufta jumani,2024-09-06
Reserved Seat,shahida rehmani,2024-09-06
Reserved Seat,syeda shehla raza,2024-09-06
Reserved Seat,mahtab akbar rashdi,2024-09-06
Reserved Seat,mussarat rafique mahesar,2024-09-06
Reserved Seat,mahreen razzaq bhutto,2024-09-06
Reserved Seat,nikhat shakeel khan,2024-09-06
Reserved Seat,sabheen ghoury,2024-09-06
Reserved Seat,rana ansar,2024-09-06
Reserved Seat,shaista khan,2024-09-06
Reserved Seat,shahida begum,2024-09-06
Reserved Seat,kiran haider,2024-09-06
Reserved Seat,akhtar bibi,2024-09-06
Reserved Seat,aliya kamran,2024-09-06
Reserved Seat,kesoo mal kheal das,2024-09-06
Reserved Seat,nelson azeem,2024-09-06
Reserved Seat,isphanyar m. bhandara,2024-09-06
Reserved Seat,ramesh lal,2024-09-06
Reserved Seat,naveed aamir,2024-09-06
Reserved Seat,mohan manjehani,2024-09-06
