Constituency,Name,Date
NA-1,abdul latif,2024-08-30
NA-2,amjad ali khan,2024-08-30
NA-3,saleem rehman,2024-08-30
NA-4,sohail sultan,2024-08-30
NA-5,sahibzada sibghatullah,2024-08-30
NA-6,muhammad bashir khan,2024-08-30
NA-7,mehboob shah,2024-08-30
NA-8,mubarak zeb,2024-08-30
NA-9,junaid akbar,2024-08-30
NA-10,gohar ali khan,2024-08-30
NA-13,muhammad nawaz khan,2024-08-30
NA-14,sardar muhammad yousaf zaman,2024-08-30
NA-15,shahzada muhammad gushtasap khan,2024-08-30
NA-16,ali asghar khan,2024-08-30
NA-18,omar ayub khan,2024-08-30
NA-19,asad qaiser,2024-08-30
NA-23,ali muhammad,2024-08-30
NA-24,anwar taj,2024-08-30
NA-25,fazal muhammad khan,2024-08-30
NA-26,sajid khan,2024-08-30
NA-27,muhammad iqbal khan (NA-27),2024-08-30
NA-28,noor alam khan,2024-08-30
NA-30,shandana gulzar khan,2024-08-30
NA-31,sher ali arbab,2024-08-30
NA-32,asif khan,2024-08-30
NA-33,syed shah ahad ali shah,2024-08-30
NA-34,zulfiqar ali,2024-08-30
NA-36,yousaf khan,2024-08-30
NA-37,hameed hussain,2024-08-30
NA-38,shahid ahmad,2024-08-30
NA-39,nasim ali shah,2024-08-30
NA-40,misbah uddin,2024-08-30
NA-42,zubair khan wazir,2024-08-30
NA-43,dawar khan kundi,2024-08-30
NA-45,fateh ullah khan,2024-08-30
NA-46,anjum aqeel khan,2024-08-30
NA-47,tariq fazal,2024-08-30
NA-48,raja khurram shahzad nawaz,2024-08-30
NA-49,sheikh aftab ahmed,2024-08-30
NA-50,malik sohail khan,2024-08-30
NA-52,raja pervez ashraf,2024-08-30
NA-53,raja qamar ul islam,2024-08-30
NA-54,aqeel malik,2024-08-30
NA-55,ibrar ahmad,2024-08-30
NA-56,muhammad hanif abbasi,2024-08-30
NA-57,danyal,2024-08-30
NA-59,sardar ghulam abbas,2024-08-30
NA-60,bilal azhar kayani,2024-08-30
NA-65,chudhary naseer ahmed abbas,2024-08-30
NA-66,mohammed ahmed chattha,2024-08-30
NA-68,haji imtiaz ahmed choudhry,2024-08-30
NA-69,nasir iqbal bosal,2024-08-30
NA-72,ali zahid,2024-08-30
NA-74,muhammad aslam ghumman,2024-08-30
NA-75,anwar ul haq,2024-08-30
NA-76,ahsan iqbal,2024-08-30
NA-81,azhar qayum nahra,2024-08-30
NA-82,mukhtar ahmad malik,2024-08-30
NA-83,usama ahmed mela,2024-08-30
NA-86,muhammad miqdad ali khan,2024-08-30
NA-87,malik shakir bashir awan,2024-08-30
NA-88,gul asghar khan,2024-08-30
NA-89,muhammad jamal ahsan khan,2024-08-30
NA-90,umair khan niazi,2024-08-30
NA-91,m. sana ullah khan mastikhel,2024-08-30
NA-93,ghulam muhammad,2024-08-30
NA-94,qaiser ahmad sheikh,2024-08-30
NA-97,mohammad saad ullah,2024-08-30
NA-98,muhammad shahbaz babar,2024-08-30
NA-100,nisar ahmed,2024-08-30
NA-101,rana atif,2024-08-30
NA-102,changaze ahmad khan,2024-08-30
NA-103,muhammad ali sarfraz,2024-08-30
NA-104,sahibzada muhammad hamid raza,2024-08-30
NA-105,usama hamza,2024-08-30
NA-112,shezra mansab ali khan kharal,2024-08-30
NA-115,khurram shahzad virk,2024-08-30
NA-117,abdul aleem khan,2024-08-30
NA-119,ali pervaiz,2024-08-30
NA-120,sardar ayaz sadiq,2024-08-30
NA-121,waseem qadir,2024-08-30
NA-127,attaullah tarar,2024-08-30
NA-133,azim uddin zahid,2024-08-30
NA-135,nadeem abbas,2024-08-30
NA-139,ahmad raza maneka,2024-08-30
NA-140,rana iradat sharif khan,2024-08-30
NA-150,makhdoom zain hussain qureshi,2024-08-30
NA-153,rana muhammad qasim noon,2024-08-30
NA-155,khan muhammad saddique khan balooch,2024-08-30
NA-156,ayesha nazir,2024-08-30
NA-158,begum tehmina daultana,2024-08-30
NA-159,aurangzeb khan khichi,2024-08-30
NA-162,ehsan ul haq bajwa,2024-08-30
NA-164,mian riaz hussain pirzada,2024-08-30
NA-166,mk syed sami ul hasan gilani,2024-08-30
NA-169,syed murtaza mahmud,2024-08-30
NA-167,muhammad usman awaisi,2024-08-30
NA-174,muhammad azhar khan leghari,2024-08-30
NA-176,nawabzada iftikhar ahmed khan babar,2024-08-30
NA-179,muhammad shabbir ali qureshi,2024-08-30
NA-182,awais haider jakhar,2024-08-30
NA-183,khawaja sheraz mehmood,2024-08-30
NA-184,abdul qadir khan,2024-08-30
NA-188,hafeez ur rehman khan drishak,2024-08-30
NA-189,shamsher ali mazari,2024-08-30
NA-190,aijaz hussain jakhrani,2024-08-30
NA-192,mir shabbir ali bijarani,2024-08-30
NA-193,muhammad shahryar khan mahar,2024-08-30
NA-195,nazir ahmed bhugio,2024-08-30
NA-196,khurshed ahmed junejo,2024-08-30
NA-197,mir amir ali khan magsi,2024-08-30
NA-206,zulfiqar ali behan,2024-08-30
NA-208,syed ghulam mustafa shah,2024-08-30
NA-210,salahuddin junejo,2024-08-30
NA-217,zulfiqar bachani,2024-08-30
NA-219,abdul aleem khan,2024-08-30
NA-221,syed naveed qamar,2024-08-30
NA-227,lrfan ali leghari,2024-08-30
NA-228,rafiq ahmed jamali,2024-08-30
NA-230,syed rafiullah,2024-08-30
NA-234,muhammad moin aamer pirzada,2024-08-30
NA-237,asad alam niazi,2024-08-30
NA-246,syed amin ul haque,2024-08-30
NA-247,khawaja izhar ul hassan,2024-08-30
NA-248,khalid maqbool siddiqui,2024-08-30
NA-249,ahmed saleem siddiqui,2024-08-30
NA-255,mir khan muhammad jamali,2024-08-30
NA-257,jam kamal khan,2024-08-30
NA-258,pullain,2024-08-30
NA-261,moulana abdul ghafoor haideri,2024-08-30
NA-262,adil khan bazai,2024-08-30
NA-263,haji jamal shah kakar,2024-08-30
NA-266,mehmood khan achakzai,2024-08-30
Reserved Seat,tahira aurangzeb,2024-08-30
Reserved Seat,shaista pervaiz,2024-08-30
Reserved Seat,nuzhat sadiq,2024-08-30
Reserved Seat,seema mohi ud din jamili,2024-08-30
Reserved Seat,shaza fatima khawaja,2024-08-30
Reserved Seat,romina khurshid alam,2024-08-30
Reserved Seat,wajiha qamar,2024-08-30
Reserved Seat,zeb jaffar,2024-08-30
Reserved Seat,kiran imran dar,2024-08-30
Reserved Seat,zahra wadood fatemi,2024-08-30
Reserved Seat,asiya naz tanoli,2024-08-30
Reserved Seat,saba sadiq,2024-08-30
Reserved Seat,farah naz akbar,2024-08-30
Reserved Seat,shahnaz saleem malik,2024-08-30
Reserved Seat,sehar kamran,2024-08-30
Reserved Seat,shahida rehmani,2024-08-30
Reserved Seat,syeda shehla raza,2024-08-30
Reserved Seat,mahtab akbar rashdi,2024-08-30
Reserved Seat,mussarat rafique mahesar,2024-08-30
Reserved Seat,mahreen razzaq bhutto,2024-08-30
Reserved Seat,shazia sobia aslam soomro,2024-08-30
Reserved Seat,nikhat shakeel khan,2024-08-30
Reserved Seat,sabheen ghoury,2024-08-30
Reserved Seat,rana ansar,2024-08-30
Reserved Seat,shaista khan,2024-08-30
Reserved Seat,shahida begum,2024-08-30
Reserved Seat,kiran haider,2024-08-30
Reserved Seat,akhtar bibi,2024-08-30
Reserved Seat,aliya kamran,2024-08-30
Reserved Seat,kesoo mal kheal das,2024-08-30
Reserved Seat,darshan,2024-08-30
Reserved Seat,isphanyar m. bhandara,2024-08-30
Reserved Seat,naveed aamir,2024-08-30
