Constituency,Name,Date
NA-1,abdul latif,2024-04-22
NA-3,saleem rehman,2024-04-22
NA-4,sohail sultan,2024-04-22
NA-5,sahibzada sibghatullah,2024-04-22
NA-6,muhammad bashir khan,2024-04-22
NA-7,mehboob shah,2024-04-22
NA-9,junaid akbar,2024-04-22
NA-10,barrister gohar ali khan,2024-04-22
NA-12,muhammad ldrees,2024-04-22
NA-13,prince nawaz allai,2024-04-22
NA-14,sardar muhammad yousaf zaman,2024-04-22
NA-15,shahzada muhammad gushtasap khan,2024-04-22
NA-16,ali asghar khan,2024-04-22
NA-17,ali khan jadoon,2024-04-22
NA-18,omar ayub khan,2024-04-22
NA-20,shahram khan tarakai,2024-04-22
NA-21,mujahid ali,2024-04-22
NA-22,muhammad atif,2024-04-22
NA-23,ali muhammad khan,2024-04-22
NA-25,fazal muhammad khan,2024-04-22
NA-26,sajid khan,2024-04-22
NA-28,noor alam khan,2024-04-22
NA-29,arbab amir ayub,2024-04-22
NA-30,shandana gulzar khan,2024-04-22
NA-32,asif khan,2024-04-22
NA-33,syed shah ahad ali shah,2024-04-22
NA-34,zulfiqar ali,2024-04-22
NA-36,yousaf khan,2024-04-22
NA-37,hameed hussain,2024-04-22
NA-38,shahid ahmad,2024-04-22
NA-43,dawar khan kundi,2024-04-22
NA-45,fateh ullah khan,2024-04-22
NA-47,dr.tariq fazal,2024-04-22
NA-48,raja khurram shahzad nawaz,2024-04-22
NA-49,sheikh aftab ahmed,2024-04-22
NA-50,malik sohail khan,2024-04-22
NA-52,raja pervez ashraf,2024-04-22
NA-53,qamar ul lslam raja,2024-04-22
NA-54,barrister aqeel malik,2024-04-22
NA-55,lbrar ahmad,2024-04-22
NA-57,danyal,2024-04-22
NA-58,tahir iqbal,2024-04-22
NA-60,bilal azhar kayani,2024-04-22
NA-62,mohammad ilyas choudhary,2024-04-22
NA-67,aniqa mehdi,2024-04-22
NA-68,haji lmtiaz ahmed choudhry,2024-04-22
NA-72,ali zahid,2024-04-22
NA-74,muhammad aslam ghumman,2024-04-22
NA-75,anwar ul haq,2024-04-22
NA-80,shahid usman,2024-04-22
NA-82,mukhtar ahmad malik,2024-04-22
NA-84,shafqat abbas,2024-04-22
NA-86,muhammad miqdad ali khan,2024-04-22
NA-88,gul asghar khan,2024-04-22
NA-89,muhammad jamal ahsan khan,2024-04-22
NA-90,umair khan niazi,2024-04-22
NA-91,m. sana ullah khan mastikhel,2024-04-22
NA-95,ali afzal sahi,2024-04-22
NA-99,umar farooq,2024-04-22
NA-100,nisar ahmed,2024-04-22
NA-104,sahibzada muhammad hamid raza,2024-04-22
NA-105,usama hamza,2024-04-22
NA-106,m. junaid anwar chaudhry,2024-04-22
NA-107,riaz khan fatyana,2024-04-22
NA-108,muhammad mehboob sultan,2024-04-22
NA-109,waqas akram,2024-04-22
NA-112,shezra mansab ali khan kharal,2024-04-22
NA-113,ahmad atteeq anwer,2024-04-22
NA-116,khurram munawar manj,2024-04-22
NA-120,sardar ayaz sadiq,2024-04-22
NA-121,waseem qadir,2024-04-22
NA-128,mohammad awn saqlain,2024-04-22
NA-133,azim uddin zahid,2024-04-22
NA-137,syed raza ali gillani,2024-04-22
NA-138,muhammad mueen wattoo,2024-04-22
NA-139,ahmad raza maneka,2024-04-22
NA-141,syed lmran ahmad shah,2024-04-22
NA-144,muhammad raza hayat harraj,2024-04-22
NA-149,malik muhammad aamir dogar,2024-04-22
NA-150,makhdoom zain hussain qureshi,2024-04-22
NA-152,syed abdul qadir gilani,2024-04-22
NA-153,rana muhammad qasim noon,2024-04-22
NA-156,ayesha nazir jatt,2024-04-22
NA-163,muhammad ljaz ul haq,2024-04-22
NA-170,mian ghous muhammad,2024-04-22
NA-171,mumtaz mustafa,2024-04-22
NA-172,javaid lqbal waraich,2024-04-22
NA-176,nawabzada lftikhar ahmed khan babar,2024-04-22
NA-179,muhammad shabbir ali qureshi,2024-04-22
NA-182,awais haider jakhar,2024-04-22
NA-184,abdul qadir khan,2024-04-22
NA-185,zartaj gul,2024-04-22
NA-189,shamsher ali mazari,2024-04-22
NA-190,aijaz hussain jakhrani,2024-04-22
NA-198,khalid ahmed khan lund,2024-04-22
NA-201,syed khursheed ahmed shah,2024-04-22
NA-202,nafisa shah,2024-04-22
NA-205,syed abrar ali shah,2024-04-22
NA-208,syed ghulam mustafa shah,2024-04-22
NA-209,shazia marri,2024-04-22
NA-210,salahuddin junejo,2024-04-22
NA-215,mahesh kumar malani,2024-04-22
NA-217,zulfiqar sattar bachani,2024-04-22
NA-219,abdul aleem khan,2024-04-22
NA-220,syed waseem hussain,2024-04-22
NA-221,syed naveed qamar,2024-04-22
NA-225,sadiq ali memon,2024-04-22
NA-228,rafiq ahmed jamali,2024-04-22
NA-229,jam abdul karim bijar,2024-04-22
NA-230,syed rafiullah,2024-04-22
NA-232,aasia lshaque siddiqui,2024-04-22
NA-233,muhammad jawed hanif khan,2024-04-22
NA-234,muhammad moin aamer pirzada,2024-04-22
NA-235,muhammad lqbal khan,2024-04-22
NA-237,asad alam niazi,2024-04-22
NA-239,sardar nabil ahmed gabol,2024-04-22
NA-241,mirza ikhtiar baig,2024-04-22
NA-242,syed mustufa kamal,2024-04-22
NA-243,abdul qadir patel,2024-04-22
NA-245,syed hafeezuddin,2024-04-22
NA-249,ahmed saleem siddiqui,2024-04-22
NA-250,farhan chishti,2024-04-22
NA-253,mian khan bugti,2024-04-22
NA-254,khalid hussain magsi,2024-04-22
NA-255,mir muhammad khan jamali,2024-04-22
NA-258,pullain,2024-04-22
NA-259,malik shah,2024-04-22
NA-260,mohammad usman badini,2024-04-22
NA-261,moulana abdul ghafoor haideri,2024-04-22
NA-262,adil khan bazai,2024-04-22
NA-263,haji jamal shah kakar,2024-04-22
NA-264,nawabzada mir jamal khan raisani,2024-04-22
Reserved Seat,tahira aurangzeb,2024-04-22
Reserved Seat,nuzhat sadiq,2024-04-22
Reserved Seat,musarrat asif khawaja,2024-04-22
Reserved Seat,shaza fatima khawaja,2024-04-22
Reserved Seat,romina khurshid alam,2024-04-22
Reserved Seat,wajiha qamar,2024-04-22
Reserved Seat,zeb jaffar,2024-04-22
Reserved Seat,kiran imran dar,2024-04-22
Reserved Seat,zahra wadood fatemi,2024-04-22
Reserved Seat,asia naz tanoli,2024-04-22
Reserved Seat,farah naz akbar,2024-04-22
Reserved Seat,shahnaz saleem malik,2024-04-22
Reserved Seat,tamkeen akhtar niazi,2024-04-22
Reserved Seat,saira tarar,2024-04-22
Reserved Seat,rabia naseem farouqi,2024-04-22
Reserved Seat,huma akhtar chughtai,2024-04-22
Reserved Seat,mah jabeen khan abbasi,2024-04-22
Reserved Seat,gulnaz shahzadi,2024-04-22
Reserved Seat,shamaila rana,2024-04-22
Reserved Seat,syeda amnah batool,2024-04-22
Reserved Seat,samina khalid ghurki,2024-04-22
Reserved Seat,hina rabbani khar,2024-04-22
Reserved Seat,farukh khan,2024-04-22
Reserved Seat,sehar kamran,2024-04-22
Reserved Seat,sharmila sahiba faruqui hashaam,2024-04-22
Reserved Seat,shahida rehmani,2024-04-22
Reserved Seat,syeda shehla raza,2024-04-22
Reserved Seat,sofia saeed shah,2024-04-22
Reserved Seat,nikhat shakeel khan,2024-04-22
Reserved Seat,sabheen ghoury,2024-04-22
Reserved Seat,rana ansar,2024-04-22
Reserved Seat,shaheen,2024-04-22
Reserved Seat,naeema kishwar khan,2024-04-22
Reserved Seat,sadaf ahsan,2024-04-22
Reserved Seat,asma alamgir,2024-04-22
Reserved Seat,shaista khan,2024-04-22
Reserved Seat,shahida begum,2024-04-22
Reserved Seat,kiran haider,2024-04-22
Reserved Seat,aliya kamran,2024-04-22
Reserved Seat,darshan,2024-04-22
Reserved Seat,isphanyar m bhandara,2024-04-22
Reserved Seat,neelum,2024-04-22
Reserved Seat,james iqbal,2024-04-22
Reserved Seat,ramesh kumar vankwani,2024-04-22
Reserved Seat,ramesh lal,2024-04-22
