Constituency,Name,Date
NA-2,amjad ali khan,2024-08-05
NA-3,saleem rehman,2024-08-05
NA-4,sohail sultan,2024-08-05
NA-5,sahibzada sibghatullah,2024-08-05
NA-6,muhammad bashir khan,2024-08-05
NA-7,mehboob shah,2024-08-05
NA-9,junaid akbar,2024-08-05
NA-10Mr.,gohar ali khan,2024-08-05
NA-12Mr.,muhammad idrees,2024-08-05
NA-13Mr.,muhammad nawaz khan,2024-08-05
NA-14Sardar,muhammad yousaf zaman,2024-08-05
NA-15Shahzada,muhammad gushtasap khan,2024-08-05
NA-18Mr.,omar ayub khan,2024-08-05
NA-22Mr.,muhammad atif,2024-08-05
NA-23Mr.,ali muhammad,2024-08-05
NA-24Mr.,anwar taj,2024-08-05
NA-26Mr.,sajid khan,2024-08-05
NA-29Mr.,arbab amir ayub,2024-08-05
NA-30Ms.,shandana gulzar khan,2024-08-05
NA-32Mr.,asif khan,2024-08-05
NA-37Mr.,hameed hussain,2024-08-05
NA-38Mr.,shahid ahmad,2024-08-05
NA-39Mr.,nasim ali shah,2024-08-05
NA-41Mr.,sher afzal khan,2024-08-05
NA-42Mr.,zubair khan wazir,2024-08-05
NA-43Mr.,dawar khan kundi,2024-08-05
NA-45Mr.,fateh ullah khan,2024-08-05
NA-46Mr.,anjum aqeel khan,2024-08-05
NA-47Mr.,tariq fazal,2024-08-05
NA-48Raja,khurram shahzad nawaz,2024-08-05
NA-49Sheikh,aftab ahmed,2024-08-05
NA-51Raja,osama sarwar,2024-08-05
NA-52Raja,pervez ashraf,2024-08-05
NA-53Raja,qamar ul islam,2024-08-05
NA-54Mr.,aqeel malik,2024-08-05
NA-55Mr.,ibrar ahmad,2024-08-05
NA-57Mr.,danyal,2024-08-05
NA-58Mr.,tahir iqbal,2024-08-05
NA-59Sardar,ghulam abbas,2024-08-05
NA-60Mr.,bilal azhar kayani,2024-08-05
NA-62Mr.,mohammad ilyas choudhary,2024-08-05
NA-66Mr.,mohammed ahmed chattha,2024-08-05
NA-71Khawaja,muhammad asif,2024-08-05
NA-72Mr.,ali zahid,2024-08-05
NA-73Syeda,nosheen iftikhar,2024-08-05
NA-74Mr.,muhammad aslam ghumman,2024-08-05
NA-75Mr.,anwar ul haq,2024-08-05
NA-77Ch.,mahmood bashir virk,2024-08-05
NA-79Mr.,ihsan ullah virk,2024-08-05
NA-80Mr.,shahid usman,2024-08-05
NA-81Ch.,bilal ejaz,2024-08-05
NA-82Mr.,mukhtar ahmad malik,2024-08-05
NA-84Mr.,shafqat abbas,2024-08-05
NA-85Mr.,zulfiqar ali bhatti,2024-08-05
NA-86Mr.,muhammad miqdad ali khan,2024-08-05
NA-87Malik,shakir bashir awan,2024-08-05
NA-89Mr.,muhammad jamal ahsan khan,2024-08-05
NA-90Mr.,umair khan niazi,2024-08-05
NA-92Mr.,rashid akbar khan,2024-08-05
NA-93Mr.,ghulam muhammad,2024-08-05
NA-94Mr.,qaiser ahmad sheikh,2024-08-05
NA-95Mr.,ali afzal sahi,2024-08-05
NA-96Rai,haider ali khan,2024-08-05
NA-97Mr.,mohammad saad ullah,2024-08-05
NA-100Mr.,nisar ahmed,2024-08-05
NA-101Rana,atif,2024-08-05
NA-102Mr.,changaze ahmad khan,2024-08-05
NA-103Mr.,muhammad ali sarfraz,2024-08-05
NA-104Sahibzada,muhammad hamid raza,2024-08-05
NA-105Mr.,usama hamza,2024-08-05
NA-106Mr.,m. junaid anwar chaudhry,2024-08-05
NA-109Mr.,waqas akram,2024-08-05
NA-111Mr.,muhammad arshad sahi,2024-08-05
NA-112Ms.,shezra mansab ali khan kharal,2024-08-05
NA-115Mr.,khurram shahzad virk,2024-08-05
NA-116Mr.,khurram munawar manj,2024-08-05
NA-120Sardar,ayaz sadiq,2024-08-05
NA-121Mr.,waseem qadir,2024-08-05
NA-122Sardar,muhammad latif khan khosa,2024-08-05
NA-124Rana,mubashir iqbal,2024-08-05
NA-128Mr.,mohammad awn saqlain,2024-08-05
NA-131Mr.,saad waseem,2024-08-05
NA-132Mr.,rasheed ahmed khan,2024-08-05
NA-133Mr.,azim uddin zahid,2024-08-05
NA-134Rana,muhammad hayat khan,2024-08-05
NA-136Mr.,riaz ul haq,2024-08-05
NA-139Mr.,ahmad raza maneka,2024-08-05
NA-142Mr.,usman ali,2024-08-05
NA-143Rai,hassan nawaz khan,2024-08-05
NA-144Mr.,muhammad raza hayat harraj,2024-08-05
NA-145Mr.,muhammad khan daha,2024-08-05
NA-147Choudhary,iftikhar nazir,2024-08-05
NA-148Syed,ali qasim gillani,2024-08-05
NA-149Malik,muhammad aamir dogar,2024-08-05
NA-150Makhdoom,zain hussain qureshi,2024-08-05
NA-154Rana,muhammad faraz noon,2024-08-05
NA-156Ms.,ayesha nazir,2024-08-05
NA-157Mr.,sajid mehdi,2024-08-05
NA-159Mr.,aurangzeb khan khichi,2024-08-05
NA-163Mr.,muhammad ijaz ul haq,2024-08-05
NA-165Chaudhry,tariq bashir cheema,2024-08-05
NA-167Mr.,muhammad usman awaisi,2024-08-05
NA-168Malik,muhammad iqbal,2024-08-05
NA-169Syed,murtaza mahmud,2024-08-05
NA-170Mian,ghous muhammad,2024-08-05
NA-172Mr.,javaid iqbal,2024-08-05
NA-173Syed,mustafa mehmood,2024-08-05
NA-174Mr.,muhammad azhar khan leghari,2024-08-05
NA-175Mr.,jamshaid ahmad,2024-08-05
NA-176Nawabzada,iftikhar ahmed khan babar,2024-08-05
NA-178Mr.,aamir talal khan,2024-08-05
NA-179Mr.,muhammad shabbir ali qureshi,2024-08-05
NA-180Mr.,fiaz hussain,2024-08-05
NA-183Khawaja,sheraz mehmood,2024-08-05
NA-184Mr.,abdul qadir khan,2024-08-05
NA-185Ms.,zartaj gul,2024-08-05
NA-186Sardar,awais ahmad khan leghari,2024-08-05
NA-187Mr.,ammar ahmad khan leghari,2024-08-05
NA-188Mr.,hafeez ur rehman khan drishak,2024-08-05
NA-190Mr.,aijaz hussain jakhrani,2024-08-05
NA-191Mr.,ali jan mazari,2024-08-05
NA-193Mr.,muhammad shahryar khan mahar,2024-08-05
NA-195Mr.,nazir ahmed bhugio,2024-08-05
NA-196Mr.,khurshed ahmed junejo,2024-08-05
NA-197Mir,amir ali khan magsi,2024-08-05
NA-199Mr.,ali gohar khan mahar,2024-08-05
NA-200Mr.,nauman lslam shaikh,2024-08-05
NA-201Syed,khursheed ahmed shah,2024-08-05
NA-202Dr.,nafisa shah,2024-08-05
NA-204Syed,javed ali shah jillani,2024-08-05
NA-206Mr.,zulfiqar ali behan,2024-08-05
NA-207Ms.,aseefa bhutto zardari,2024-08-05
NA-208Syed,ghulam mustafa shah,2024-08-05
NA-209Ms.,shazia marri,2024-08-05
NA-210Mr.,salahuddin junejo,2024-08-05
NA-211Pir,aftab hussain shah jilani,2024-08-05
NA-212Mir,munawar ali talpur,2024-08-05
NA-213Nawab,muhammad yousuf talpur,2024-08-05
NA-214Pir,ameer ali shah jeelani,2024-08-05
NA-215Dr.,mahesh kumar malani,2024-08-05
NA-217Mr.,zulfiqar bachani,2024-08-05
NA-218Syed,hussain tariq,2024-08-05
NA-219Mr.,abdul aleem khan,2024-08-05
NA-220Syed,waseem hussain,2024-08-05
NA-221Syed,naveed qamar,2024-08-05
NA-222Mir,ghulam ali talpur,2024-08-05
NA-223Haji,rasool bux chandio,2024-08-05
NA-224Syed,ayaz ali shah sheerazi,2024-08-05
NA-225Mr.,sadiq ali memon,2024-08-05
NA-226Malik,asad sikandar,2024-08-05
NA-227Mr.,lrfan ali leghari,2024-08-05
NA-228Mr.,rafiq ahmed jamali,2024-08-05
NA-229Jam,abdul karim bijar,2024-08-05
NA-230Syed,rafiullah,2024-08-05
NA-231Mr.,abdul hakeem baloch,2024-08-05
NA-232Ms.,aasia ishaque siddiqui,2024-08-05
NA-233Mr.,muhammad jawed hanif khan,2024-08-05
NA-237Mr.,asad alam niazi,2024-08-05
NA-238Mr.,sadiq iftikhar,2024-08-05
NA-239Sardar,nabil ahmed gabol,2024-08-05
NA-240Mr.,arshad abdullah vohra,2024-08-05
NA-241Mirza,ikhtiar baig,2024-08-05
NA-242Syed,mustufa kamal,2024-08-05
NA-243Mr.,abdul qadir patel,2024-08-05
NA-245Syed,hafeezuddin,2024-08-05
NA-246Syed,amin ul haque,2024-08-05
NA-247Khawaja,izhar ul hassan,2024-08-05
NA-249Mr.,ahmed saleem siddiqui,2024-08-05
NA-254Mr.,khalid hussain magsi,2024-08-05
NA-255Mir,khan muhammad jamali,2024-08-05
NA-258Mr.,pullain,2024-08-05
NA-259Mr.,malik shah,2024-08-05
NA-263Haji,jamal shah kakar,2024-08-05
NA-264Nawabzada,mir jamal khan raisani,2024-08-05
NA-266Mr.,mehmood khan achakzai,2024-08-05
Reserved SeatMs.,tahira aurangzeb,2024-08-05
Reserved SeatMs.,shaista pervaiz,2024-08-05
Reserved SeatMs.,nuzhat sadiq,2024-08-05
Reserved SeatMs.,seema mohi ud din jamili,2024-08-05
Reserved SeatMs.,romina khurshid alam,2024-08-05
Reserved SeatMs.,wajiha qamar,2024-08-05
Reserved SeatMs.,zeb jaffar,2024-08-05
Reserved SeatMs.,kiran imran dar,2024-08-05
Reserved SeatMs.,zainab mehmood baloch,2024-08-05
Reserved SeatMs.,zahra wadood fatemi,2024-08-05
Reserved SeatMs.,asiya naz tanoli,2024-08-05
Reserved SeatMs.,farah naz akbar,2024-08-05
Reserved SeatMs.,shahnaz saleem malik,2024-08-05
Reserved SeatMs.,hina rabbani khar,2024-08-05
Reserved SeatMs.,munaza hassan,2024-08-05
Reserved SeatMs.,sehar kamran,2024-08-05
Reserved SeatMs.,sharmila sahiba faruqui hashaam,2024-08-05
Reserved SeatMs.,shagufta jumani,2024-08-05
Reserved SeatMs.,shahida rehmani,2024-08-05
Reserved SeatSyeda,shehla raza,2024-08-05
Reserved SeatMs.,mahtab akbar rashdi,2024-08-05
Reserved SeatMs.,mussarat rafique mahesar,2024-08-05
Reserved SeatDr.,mahreen razzaq bhutto,2024-08-05
Reserved SeatDr.,shazia sobia aslam soomro,2024-08-05
Reserved SeatMs.,naz baloch,2024-08-05
Reserved SeatMs.,sofia saeed shah,2024-08-05
Reserved SeatMs.,nikhat shakeel khan,2024-08-05
Reserved SeatMs.,sabheen ghoury,2024-08-05
Reserved SeatMs.,rana ansar,2024-08-05
Reserved SeatMs.,shaista khan,2024-08-05
Reserved SeatMs.,shahida begum,2024-08-05
Reserved SeatMs.,kiran haider,2024-08-05
Reserved SeatMs.,akhtar bibi,2024-08-05
Reserved SeatMr.,kesoo mal kheal das,2024-08-05
Reserved SeatMr.,darshan,2024-08-05
Reserved SeatMr.,ramesh lal,2024-08-05
Reserved SeatMr.,naveed aamir,2024-08-05
