Constituency,Name,Date
NA-1,abdul latif,2024-06-06
NA-4,sohail sultan,2024-06-06
NA-5,sahibzada sibghatullah,2024-06-06
NA-6,muhammad bashir khan,2024-06-06
NA-7,mehboob shah,2024-06-06
NA-8,mubarak zeb,2024-06-06
NA-9,junaid akbar,2024-06-06
NA-10,gohar ali khan,2024-06-06
NA-11,amir muqam,2024-06-06
NA-12,muhammad idrees,2024-06-06
NA-13,muhammad nawaz khan,2024-06-06
NA-14,sardar muhammad yousaf zaman,2024-06-06
NA-15,shahzada muhammad gushtasap khan,2024-06-06
NA-16,ali asghar khan,2024-06-06
NA-17,ali khan jadoon,2024-06-06
NA-18,omar ayub khan,2024-06-06
NA-19,asad qaiser,2024-06-06
NA-21,mujahid ali,2024-06-06
NA-23,ali muhammad,2024-06-06
NA-24,anwar taj,2024-06-06
NA-25,fazal muhammad khan,2024-06-06
NA-26,sajid khan,2024-06-06
NA-27,muhammad iqbal khan (NA-27),2024-06-06
NA-28,noor alam khan,2024-06-06
NA-30,shandana gulzar khan,2024-06-06
NA-31,sher ali arbab,2024-06-06
NA-32,asif khan,2024-06-06
NA-33,syed shah ahad ali shah,2024-06-06
NA-34,zulfiqar ali,2024-06-06
NA-35,shehryar afridi,2024-06-06
NA-36,yousaf khan,2024-06-06
NA-37,hameed hussain,2024-06-06
NA-38,shahid ahmad,2024-06-06
NA-39,nasim ali shah,2024-06-06
NA-41,sher afzal khan,2024-06-06
NA-42,zubair khan wazir,2024-06-06
NA-45,fateh ullah khan,2024-06-06
NA-46,anjum aqeel khan,2024-06-06
NA-47,tariq fazal,2024-06-06
NA-49,sheikh aftab ahmed,2024-06-06
NA-50,malik sohail khan,2024-06-06
NA-51,raja osama sarwar,2024-06-06
NA-52,raja pervez ashraf,2024-06-06
NA-53,raja qamar ul islam,2024-06-06
NA-54,aqeel malik,2024-06-06
NA-55,ibrar ahmad,2024-06-06
NA-56,muhammad hanif abbasi,2024-06-06
NA-60,bilal azhar kayani,2024-06-06
NA-62,mohammad ilyas choudhary,2024-06-06
NA-65,chudhary naseer ahmed abbas,2024-06-06
NA-66,mohammed ahmed chattha,2024-06-06
NA-67,aniqa mehdi,2024-06-06
NA-68,haji imtiaz ahmed choudhry,2024-06-06
NA-69,nasir iqbal bosal,2024-06-06
NA-70,armghan subhani,2024-06-06
NA-72,ali zahid,2024-06-06
NA-73,syeda nosheen iftikhar,2024-06-06
NA-74,muhammad aslam ghumman,2024-06-06
NA-75,anwar ul haq,2024-06-06
NA-77,mahmood bashir virk,2024-06-06
NA-78,muhammad mobeen arif,2024-06-06
NA-79,ihsan ullah virk,2024-06-06
NA-80,shahid usman,2024-06-06
NA-81,bilal ejaz,2024-06-06
NA-82,mukhtar ahmad malik,2024-06-06
NA-83,usama ahmed mela,2024-06-06
NA-84,shafqat abbas,2024-06-06
NA-85,zulfiqar ali bhatti,2024-06-06
NA-86,muhammad miqdad ali khan,2024-06-06
NA-87,malik shakir bashir awan,2024-06-06
NA-88,gul asghar khan,2024-06-06
NA-89,muhammad jamal ahsan khan,2024-06-06
NA-90,umair khan niazi,2024-06-06
NA-91,m. sana ullah khan mastikhel,2024-06-06
NA-92,rashid akbar khan,2024-06-06
NA-95,ali afzal sahi,2024-06-06
NA-97,mohammad saad ullah,2024-06-06
NA-98,muhammad shahbaz babar,2024-06-06
NA-99,umar farooq,2024-06-06
NA-100,nisar ahmed,2024-06-06
NA-101,rana atif,2024-06-06
NA-102,changaze ahmad khan,2024-06-06
NA-103,muhammad ali sarfraz,2024-06-06
NA-104,sahibzada muhammad hamid raza,2024-06-06
NA-105,usama hamza,2024-06-06
NA-106,m. junaid anwar chaudhry,2024-06-06
NA-107,mohammad riaz khan,2024-06-06
NA-108,muhammad mahbob sultan,2024-06-06
NA-109,waqas akram,2024-06-06
NA-110,muhammad ameer sultan,2024-06-06
NA-111,muhammad arshad sahi,2024-06-06
NA-113,ahmad atteeq anwer,2024-06-06
NA-115,khurram shahzad virk,2024-06-06
NA-116,khurram munawar manj,2024-06-06
NA-120,sardar ayaz sadiq,2024-06-06
NA-121,waseem qadir,2024-06-06
NA-122,sardar muhammad latif khan khosa,2024-06-06
NA-124,rana mubashir iqbal,2024-06-06
NA-125,muhammad afzal,2024-06-06
NA-128,mohammad awn saqlain,2024-06-06
NA-133,azim uddin zahid,2024-06-06
NA-134,rana muhammad hayat khan,2024-06-06
NA-135,nadeem abbas,2024-06-06
NA-137,syed raza ali gillani,2024-06-06
NA-140,rana iradat sharif khan,2024-06-06
NA-141,syed imran ahmad shah,2024-06-06
NA-143,rai hassan nawaz khan,2024-06-06
NA-145,muhammad khan daha,2024-06-06
NA-146,zahoor hussain qureshi,2024-06-06
NA-149,malik muhammad aamir dogar,2024-06-06
NA-150,makhdoom zain hussain qureshi,2024-06-06
NA-152,syed abdul qadir gilani,2024-06-06
NA-153,rana muhammad qasim noon,2024-06-06
NA-156,ayesha nazir,2024-06-06
NA-163,muhammad ijaz ul haq,2024-06-06
NA-164,mian riaz hussain pirzada,2024-06-06
NA-166,mk syed sami ul hasan gilani,2024-06-06
NA-167,muhammad usman awaisi,2024-06-06
NA-170,mian ghous muhammad,2024-06-06
NA-172,javaid iqbal,2024-06-06
NA-174,muhammad azhar khan leghari,2024-06-06
NA-175,jamshaid ahmad,2024-06-06
NA-176,nawabzada iftikhar ahmed khan babar,2024-06-06
NA-177,muhammad moazzam ali khan,2024-06-06
NA-178,aamir talal khan,2024-06-06
NA-179,muhammad shabbir ali qureshi,2024-06-06
NA-180,fiaz hussain,2024-06-06
NA-181,umber majeed,2024-06-06
NA-182,awais haider jakhar,2024-06-06
NA-183,khawaja sheraz mehmood,2024-06-06
NA-185,zartaj gul,2024-06-06
NA-189,shamsher ali mazari,2024-06-06
NA-190,aijaz hussain jakhrani,2024-06-06
NA-192,mir shabbir ali bijarani,2024-06-06
NA-193,muhammad shahryar khan mahar,2024-06-06
NA-195,nazir ahmed bhugio,2024-06-06
NA-197,mir amir ali khan magsi,2024-06-06
NA-198,khalid ahmed khan lund,2024-06-06
NA-200,nauman lslam shaikh,2024-06-06
NA-201,syed khursheed ahmed shah,2024-06-06
NA-202,nafisa shah,2024-06-06
NA-204,syed javed ali shah jillani,2024-06-06
NA-205,syed abrar ali shah,2024-06-06
NA-206,zulfiqar ali behan,2024-06-06
NA-208,syed ghulam mustafa shah,2024-06-06
NA-212,mir munawar ali talpur,2024-06-06
NA-214,pir ameer ali shah jeelani,2024-06-06
NA-215,mahesh kumar malani,2024-06-06
NA-217,zulfiqar bachani,2024-06-06
NA-218,syed hussain tariq,2024-06-06
NA-219,abdul aleem khan,2024-06-06
NA-220,syed waseem hussain,2024-06-06
NA-221,syed naveed qamar,2024-06-06
NA-225,sadiq ali memon,2024-06-06
NA-228,rafiq ahmed jamali,2024-06-06
NA-230,syed rafiullah,2024-06-06
NA-232,aasia ishaque siddiqui,2024-06-06
NA-233,muhammad jawed hanif khan,2024-06-06
NA-234,muhammad moin aamer pirzada,2024-06-06
NA-235,muhammad iqbal khan (NA-235),2024-06-06
NA-236,hassaan sabir,2024-06-06
NA-237,asad alam niazi,2024-06-06
NA-238,sadiq iftikhar,2024-06-06
NA-239,sardar nabil ahmed gabol,2024-06-06
NA-240,arshad abdullah vohra,2024-06-06
NA-241,mirza ikhtiar baig,2024-06-06
NA-242,syed mustufa kamal,2024-06-06
NA-245,syed hafeezuddin,2024-06-06
NA-246,syed amin ul haque,2024-06-06
NA-248,khalid maqbool siddiqui,2024-06-06
NA-249,ahmed saleem siddiqui,2024-06-06
NA-250,farhan chishti,2024-06-06
NA-251,sayed sami ullah,2024-06-06
NA-252,sardar muhammad yaqoob khan nasir,2024-06-06
NA-253,mian khan,2024-06-06
NA-254,khalid hussain magsi,2024-06-06
NA-255,mir khan muhammad jamali,2024-06-06
NA-258,pullain,2024-06-06
NA-259,malik shah,2024-06-06
NA-260,muhammad usman badini,2024-06-06
NA-262,adil khan bazai,2024-06-06
NA-265,moulana fazl ur rehman,2024-06-06
NA-266,mehmood khan achakzai,2024-06-06
Reserved Seat,tahira aurangzeb,2024-06-06
Reserved Seat,shaista pervaiz,2024-06-06
Reserved Seat,nuzhat sadiq,2024-06-06
Reserved Seat,seema mohi ud din jamili,2024-06-06
Reserved Seat,romina khurshid alam,2024-06-06
Reserved Seat,wajiha qamar,2024-06-06
Reserved Seat,kiran imran dar,2024-06-06
Reserved Seat,asiya naz tanoli,2024-06-06
Reserved Seat,saba sadiq,2024-06-06
Reserved Seat,farah naz akbar,2024-06-06
Reserved Seat,shahnaz saleem malik,2024-06-06
Reserved Seat,hina rabbani khar,2024-06-06
Reserved Seat,munaza hassan,2024-06-06
Reserved Seat,farakh khan,2024-06-06
Reserved Seat,sehar kamran,2024-06-06
Reserved Seat,sharmila sahiba faruqui hashaam,2024-06-06
Reserved Seat,shagufta jumani,2024-06-06
Reserved Seat,shahida rehmani,2024-06-06
Reserved Seat,syeda shehla raza,2024-06-06
Reserved Seat,mahtab akbar rashdi,2024-06-06
Reserved Seat,mussarat rafique mahesar,2024-06-06
Reserved Seat,mahreen razzaq bhutto,2024-06-06
Reserved Seat,shazia sobia aslam soomro,2024-06-06
Reserved Seat,sofia saeed shah,2024-06-06
Reserved Seat,nikhat shakeel khan,2024-06-06
Reserved Seat,sabheen ghoury,2024-06-06
Reserved Seat,rana ansar,2024-06-06
Reserved Seat,shaista khan,2024-06-06
Reserved Seat,shahida begum,2024-06-06
Reserved Seat,kiran haider,2024-06-06
Reserved Seat,akhtar bibi,2024-06-06
Reserved Seat,aliya kamran,2024-06-06
Reserved Seat,kesoo mal kheal das,2024-06-06
Reserved Seat,darshan,2024-06-06
Reserved Seat,nelson azeem,2024-06-06
Reserved Seat,isphanyar m. bhandara,2024-06-06
Reserved Seat,ramesh lal,2024-06-06
Reserved Seat,naveed aamir,2024-06-06
