Constituency,Name,Date
NA-1,abdul latif,2024-08-27
NA-2,amjad ali khan,2024-08-27
NA-3,saleem rehman,2024-08-27
NA-4,sohail sultan,2024-08-27
NA-5,sahibzada sibghatullah,2024-08-27
NA-6,muhammad bashir khan,2024-08-27
NA-7,mehboob shah,2024-08-27
NA-8,mubarak zeb,2024-08-27
NA-9,junaid akbar,2024-08-27
NA-10,gohar ali khan,2024-08-27
NA-11,amir muqam,2024-08-27
NA-13,muhammad nawaz khan,2024-08-27
NA-14,sardar muhammad yousaf zaman,2024-08-27
NA-15,shahzada muhammad gushtasap khan,2024-08-27
NA-17,ali khan jadoon,2024-08-27
NA-18,omar ayub khan,2024-08-27
NA-20,shahram khan,2024-08-27
NA-23,ali muhammad,2024-08-27
NA-26,sajid khan,2024-08-27
NA-27,muhammad iqbal khan (NA-27),2024-08-27
NA-28,noor alam khan,2024-08-27
NA-31,sher ali arbab,2024-08-27
NA-32,asif khan,2024-08-27
NA-37,hameed hussain,2024-08-27
NA-39,nasim ali shah,2024-08-27
NA-40,misbah uddin,2024-08-27
NA-43,dawar khan kundi,2024-08-27
NA-45,fateh ullah khan,2024-08-27
NA-46,anjum aqeel khan,2024-08-27
NA-47,tariq fazal,2024-08-27
NA-48,raja khurram shahzad nawaz,2024-08-27
NA-49,sheikh aftab ahmed,2024-08-27
NA-50,malik sohail khan,2024-08-27
NA-52,raja pervez ashraf,2024-08-27
NA-53,raja qamar ul islam,2024-08-27
NA-54,aqeel malik,2024-08-27
NA-55,ibrar ahmad,2024-08-27
NA-56,muhammad hanif abbasi,2024-08-27
NA-57,danyal,2024-08-27
NA-58,tahir iqbal,2024-08-27
NA-59,sardar ghulam abbas,2024-08-27
NA-65,chudhary naseer ahmed abbas,2024-08-27
NA-68,haji imtiaz ahmed choudhry,2024-08-27
NA-70,armghan subhani,2024-08-27
NA-71,khawaja muhammad asif,2024-08-27
NA-72,ali zahid,2024-08-27
NA-74,muhammad aslam ghumman,2024-08-27
NA-75,anwar ul haq,2024-08-27
NA-76,ahsan iqbal,2024-08-27
NA-77,mahmood bashir virk,2024-08-27
NA-82,mukhtar ahmad malik,2024-08-27
NA-84,shafqat abbas,2024-08-27
NA-85,zulfiqar ali bhatti,2024-08-27
NA-87,malik shakir bashir awan,2024-08-27
NA-90,umair khan niazi,2024-08-27
NA-91,m. sana ullah khan mastikhel,2024-08-27
NA-94,qaiser ahmad sheikh,2024-08-27
NA-97,mohammad saad ullah,2024-08-27
NA-98,muhammad shahbaz babar,2024-08-27
NA-100,nisar ahmed,2024-08-27
NA-101,rana atif,2024-08-27
NA-102,changaze ahmad khan,2024-08-27
NA-104,sahibzada muhammad hamid raza,2024-08-27
NA-105,usama hamza,2024-08-27
NA-106,m. junaid anwar chaudhry,2024-08-27
NA-111,muhammad arshad sahi,2024-08-27
NA-119,ali pervaiz,2024-08-27
NA-121,waseem qadir,2024-08-27
NA-124,rana mubashir iqbal,2024-08-27
NA-128,mohammad awn saqlain,2024-08-27
NA-132,rasheed ahmed khan,2024-08-27
NA-133,azim uddin zahid,2024-08-27
NA-134,rana muhammad hayat khan,2024-08-27
NA-135,nadeem abbas,2024-08-27
NA-136,riaz ul haq,2024-08-27
NA-138,muhammad mueen wattoo,2024-08-27
NA-139,ahmad raza maneka,2024-08-27
NA-140,rana iradat sharif khan,2024-08-27
NA-143,rai hassan nawaz khan,2024-08-27
NA-145,muhammad khan daha,2024-08-27
NA-147,choudhary iftikhar nazir,2024-08-27
NA-149,malik muhammad aamir dogar,2024-08-27
NA-155,khan muhammad saddique khan balooch,2024-08-27
NA-159,aurangzeb khan khichi,2024-08-27
NA-162,ehsan ul haq bajwa,2024-08-27
NA-163,muhammad ijaz ul haq,2024-08-27
NA-164,mian riaz hussain pirzada,2024-08-27
NA-165,tariq bashir cheema,2024-08-27
NA-166,mk syed sami ul hasan gilani,2024-08-27
NA-167,muhammad usman awaisi,2024-08-27
NA-168,malik muhammad iqbal,2024-08-27
NA-172,javaid iqbal,2024-08-27
NA-174,muhammad azhar khan leghari,2024-08-27
NA-175,jamshaid ahmad,2024-08-27
NA-176,nawabzada iftikhar ahmed khan babar,2024-08-27
NA-182,awais haider jakhar,2024-08-27
NA-183,khawaja sheraz mehmood,2024-08-27
NA-184,abdul qadir khan,2024-08-27
NA-185,zartaj gul,2024-08-27
NA-189,shamsher ali mazari,2024-08-27
NA-190,aijaz hussain jakhrani,2024-08-27
NA-192,mir shabbir ali bijarani,2024-08-27
NA-193,muhammad shahryar khan mahar,2024-08-27
NA-195,nazir ahmed bhugio,2024-08-27
NA-196,khurshed ahmed junejo,2024-08-27
NA-197,mir amir ali khan magsi,2024-08-27
NA-201,syed khursheed ahmed shah,2024-08-27
NA-203,pir syed fazal ali shah jillani,2024-08-27
NA-204,syed javed ali shah jillani,2024-08-27
NA-208,syed ghulam mustafa shah,2024-08-27
NA-213,nawab muhammad yousuf talpur,2024-08-27
NA-215,mahesh kumar malani,2024-08-27
NA-217,zulfiqar bachani,2024-08-27
NA-218,syed hussain tariq,2024-08-27
NA-219,abdul aleem khan,2024-08-27
NA-221,syed naveed qamar,2024-08-27
NA-223,haji rasool bux chandio,2024-08-27
NA-225,sadiq ali memon,2024-08-27
NA-227,lrfan ali leghari,2024-08-27
NA-228,rafiq ahmed jamali,2024-08-27
NA-230,syed rafiullah,2024-08-27
NA-232,aasia ishaque siddiqui,2024-08-27
NA-233,muhammad jawed hanif khan,2024-08-27
NA-234,muhammad moin aamer pirzada,2024-08-27
NA-235,muhammad iqbal khan (NA-235),2024-08-27
NA-236,hassaan sabir,2024-08-27
NA-239,sardar nabil ahmed gabol,2024-08-27
NA-240,arshad abdullah vohra,2024-08-27
NA-241,mirza ikhtiar baig,2024-08-27
NA-242,syed mustufa kamal,2024-08-27
NA-243,abdul qadir patel,2024-08-27
NA-245,syed hafeezuddin,2024-08-27
NA-246,syed amin ul haque,2024-08-27
NA-249,ahmed saleem siddiqui,2024-08-27
NA-250,farhan chishti,2024-08-27
NA-252,sardar muhammad yaqoob khan nasir,2024-08-27
NA-253,mian khan,2024-08-27
NA-255,mir khan muhammad jamali,2024-08-27
NA-257,jam kamal khan,2024-08-27
NA-258,pullain,2024-08-27
NA-260,muhammad usman badini,2024-08-27
NA-263,haji jamal shah kakar,2024-08-27
NA-266,mehmood khan achakzai,2024-08-27
Reserved Seat,tahira aurangzeb,2024-08-27
Reserved Seat,nuzhat sadiq,2024-08-27
Reserved Seat,musarrat asif khawaja,2024-08-27
Reserved Seat,wajiha qamar,2024-08-27
Reserved Seat,zeb jaffar,2024-08-27
Reserved Seat,kiran imran dar,2024-08-27
Reserved Seat,asiya naz tanoli,2024-08-27
Reserved Seat,saba sadiq,2024-08-27
Reserved Seat,farah naz akbar,2024-08-27
Reserved Seat,shahnaz saleem malik,2024-08-27
Reserved Seat,sehar kamran,2024-08-27
Reserved Seat,sharmila sahiba faruqui hashaam,2024-08-27
Reserved Seat,shagufta jumani,2024-08-27
Reserved Seat,shahida rehmani,2024-08-27
Reserved Seat,syeda shehla raza,2024-08-27
Reserved Seat,mahtab akbar rashdi,2024-08-27
Reserved Seat,mussarat rafique mahesar,2024-08-27
Reserved Seat,mahreen razzaq bhutto,2024-08-27
Reserved Seat,shazia sobia aslam soomro,2024-08-27
Reserved Seat,nikhat shakeel khan,2024-08-27
Reserved Seat,rana ansar,2024-08-27
Reserved Seat,shaista khan,2024-08-27
Reserved Seat,shahida begum,2024-08-27
Reserved Seat,izbal zehri,2024-08-27
Reserved Seat,kiran haider,2024-08-27
Reserved Seat,akhtar bibi,2024-08-27
Reserved Seat,aliya kamran,2024-08-27
Reserved Seat,darshan,2024-08-27
Reserved Seat,nelson azeem,2024-08-27
Reserved Seat,ramesh lal,2024-08-27
