Constituency,Name,Date
NA-1,abdul latif,2024-04-24
NA-2,amjad ali khan,2024-04-24
NA-3,saleem rehman,2024-04-24
NA-4,sohail sultan,2024-04-24
NA-5,sahibzada sibghatullah,2024-04-24
NA-6,muhammad bashir khan,2024-04-24
NA-7,mehboob shah,2024-04-24
NA-10,barrister gohar ali khan,2024-04-24
NA-11,amir muqam,2024-04-24
NA-12,muhammad ldrees,2024-04-24
NA-13,prince nawaz allai,2024-04-24
NA-14,sardar muhammad yousaf zaman,2024-04-24
NA-15,shahzada muhammad gushtasap khan,2024-04-24
NA-17,ali khan jadoon,2024-04-24
NA-18,omar ayub khan,2024-04-24
NA-20,shahram khan tarakai,2024-04-24
NA-21,mujahid ali,2024-04-24
NA-23,ali muhammad khan,2024-04-24
NA-24,malik anwar taj,2024-04-24
NA-26,sajid khan,2024-04-24
NA-27,muhammad lqbal khan,2024-04-24
NA-28,noor alam khan,2024-04-24
NA-30,shandana gulzar khan,2024-04-24
NA-32,asif khan,2024-04-24
NA-33,syed shah ahad ali shah,2024-04-24
NA-34,zulfiqar ali,2024-04-24
NA-35,shehryar khan afridi,2024-04-24
NA-36,yousaf khan,2024-04-24
NA-37,hameed hussain,2024-04-24
NA-38,shahid ahmad,2024-04-24
NA-39,moulana nasim ali shah,2024-04-24
NA-40,misbah ud din,2024-04-24
NA-41,sher afzal khan marwat,2024-04-24
NA-43,dawar khan kundi,2024-04-24
NA-45,fateh ullah khan,2024-04-24
NA-46,anjum aqeel khan,2024-04-24
NA-47,dr.tariq fazal,2024-04-24
NA-48,raja khurram shahzad nawaz,2024-04-24
NA-49,sheikh aftab ahmed,2024-04-24
NA-51,raja osama sarwar,2024-04-24
NA-52,raja pervez ashraf,2024-04-24
NA-53,qamar ul lslam raja,2024-04-24
NA-54,barrister aqeel malik,2024-04-24
NA-57,danyal,2024-04-24
NA-58,tahir iqbal,2024-04-24
NA-59,sardar ghulam abbas,2024-04-24
NA-60,bilal azhar kayani,2024-04-24
NA-61,farrukh altaf,2024-04-24
NA-62,mohammad ilyas choudhary,2024-04-24
NA-67,aniqa mehdi,2024-04-24
NA-68,haji lmtiaz ahmed choudhry,2024-04-24
NA-69,nasir lqbal bosal,2024-04-24
NA-71,khawaja muhammad asif,2024-04-24
NA-72,ali zahid,2024-04-24
NA-73,syeda nosheen lftikhar,2024-04-24
NA-74,muhammad aslam ghumman,2024-04-24
NA-75,anwar ul haq,2024-04-24
NA-78,muhammad mobeen arif,2024-04-24
NA-79,lhsan ullah virk,2024-04-24
NA-80,shahid usman,2024-04-24
NA-82,mukhtar ahmad malik,2024-04-24
NA-83,usama ahmed mela,2024-04-24
NA-85,zulfiqar ali bhatti,2024-04-24
NA-86,muhammad miqdad ali khan,2024-04-24
NA-87,malik shakir bashir awan,2024-04-24
NA-88,gul asghar khan,2024-04-24
NA-89,muhammad jamal ahsan khan,2024-04-24
NA-90,umair khan niazi,2024-04-24
NA-91,m. sana ullah khan mastikhel,2024-04-24
NA-93,mehar ghulam muhammad lali,2024-04-24
NA-95,ali afzal sahi,2024-04-24
NA-100,nisar ahmed,2024-04-24
NA-104,sahibzada muhammad hamid raza,2024-04-24
NA-105,usama hamza,2024-04-24
NA-106,m. junaid anwar chaudhry,2024-04-24
NA-107,riaz khan fatyana,2024-04-24
NA-108,muhammad mehboob sultan,2024-04-24
NA-109,waqas akram,2024-04-24
NA-110,muhammad ameer sultan,2024-04-24
NA-112,shezra mansab ali khan kharal,2024-04-24
NA-113,ahmad atteeq anwer,2024-04-24
NA-114,rana tanveer hussain,2024-04-24
NA-115,khurram shahzad virk,2024-04-24
NA-116,khurram munawar manj,2024-04-24
NA-120,sardar ayaz sadiq,2024-04-24
NA-121,waseem qadir,2024-04-24
NA-122,sardar muhammad latif khan khosa,2024-04-24
NA-125,muhammad afzal,2024-04-24
NA-126,malik saif ul malook khokhar,2024-04-24
NA-133,azim uddin zahid,2024-04-24
NA-134,rana muhammad hayat khan,2024-04-24
NA-137,syed raza ali gillani,2024-04-24
NA-138,muhammad mueen wattoo,2024-04-24
NA-139,ahmad raza maneka,2024-04-24
NA-140,rana lradat sharif khan,2024-04-24
NA-144,muhammad raza hayat harraj,2024-04-24
NA-145,muhammad khan daha,2024-04-24
NA-146,zahoor hussain qureshi,2024-04-24
NA-149,malik muhammad aamir dogar,2024-04-24
NA-150,makhdoom zain hussain qureshi,2024-04-24
NA-153,rana muhammad qasim noon,2024-04-24
NA-156,ayesha nazir jatt,2024-04-24
NA-157,sajid mehdi,2024-04-24
NA-158,begum tehmina daultana,2024-04-24
NA-163,muhammad ljaz ul haq,2024-04-24
NA-165,tariq bashir cheema,2024-04-24
NA-170,mian ghous muhammad,2024-04-24
NA-171,mumtaz mustafa,2024-04-24
NA-172,javaid lqbal waraich,2024-04-24
NA-175,jamshaid ahmad,2024-04-24
NA-176,nawabzada lftikhar ahmed khan babar,2024-04-24
NA-177,muhammad muazzam ali khan jatoi,2024-04-24
NA-179,muhammad shabbir ali qureshi,2024-04-24
NA-182,awais haider jakhar,2024-04-24
NA-184,abdul qadir khan,2024-04-24
NA-185,zartaj gul,2024-04-24
NA-189,shamsher ali mazari,2024-04-24
NA-190,aijaz hussain jakhrani,2024-04-24
NA-191,ali jan mazari,2024-04-24
NA-192,mir shabbir ali bijarani,2024-04-24
NA-193,muhammad shahryar khan mahar,2024-04-24
NA-195,nazir ahmed bhugio,2024-04-24
NA-198,khalid ahmed khan lund,2024-04-24
NA-200,nauman lslam shaikh,2024-04-24
NA-201,syed khursheed ahmed shah,2024-04-24
NA-202,nafisa shah,2024-04-24
NA-205,syed abrar ali shah,2024-04-24
NA-206,zulfiqar ali behan,2024-04-24
NA-208,syed ghulam mustafa shah,2024-04-24
NA-209,shazia marri,2024-04-24
NA-210,salahuddin junejo,2024-04-24
NA-214,pir ameer ali shah jeelani,2024-04-24
NA-215,mahesh kumar malani,2024-04-24
NA-216,makhdoom jamil uz zaman,2024-04-24
NA-217,zulfiqar sattar bachani,2024-04-24
NA-218,syed hussain tariq,2024-04-24
NA-219,abdul aleem khan,2024-04-24
NA-220,syed waseem hussain,2024-04-24
NA-221,syed naveed qamar,2024-04-24
NA-222,mir ghulam ali talpur,2024-04-24
NA-223,haji rasool bux chandio,2024-04-24
NA-225,sadiq ali memon,2024-04-24
NA-227,lrfan ali leghari,2024-04-24
NA-228,rafiq ahmed jamali,2024-04-24
NA-229,jam abdul karim bijar,2024-04-24
NA-230,syed rafiullah,2024-04-24
NA-232,aasia lshaque siddiqui,2024-04-24
NA-234,muhammad moin aamer pirzada,2024-04-24
NA-237,asad alam niazi,2024-04-24
NA-239,sardar nabil ahmed gabol,2024-04-24
NA-241,mirza ikhtiar baig,2024-04-24
NA-242,syed mustufa kamal,2024-04-24
NA-243,abdul qadir patel,2024-04-24
NA-245,syed hafeezuddin,2024-04-24
NA-246,syed amin ul haque,2024-04-24
NA-247,khawaja lzhar ul hassan,2024-04-24
NA-249,ahmed saleem siddiqui,2024-04-24
NA-250,farhan chishti,2024-04-24
NA-253,mian khan bugti,2024-04-24
NA-254,khalid hussain magsi,2024-04-24
NA-255,mir muhammad khan jamali,2024-04-24
NA-258,pullain,2024-04-24
NA-259,malik shah,2024-04-24
NA-260,mohammad usman badini,2024-04-24
NA-262,adil khan bazai,2024-04-24
NA-263,haji jamal shah kakar,2024-04-24
NA-264,nawabzada mir jamal khan raisani,2024-04-24
NA-266,mehmood khan achakzai,2024-04-24
Reserved Seat,tahira aurangzeb,2024-04-24
Reserved Seat,nuzhat sadiq,2024-04-24
Reserved Seat,musarrat asif khawaja,2024-04-24
Reserved Seat,wajiha qamar,2024-04-24
Reserved Seat,zeb jaffar,2024-04-24
Reserved Seat,kiran imran dar,2024-04-24
Reserved Seat,zahra wadood fatemi,2024-04-24
Reserved Seat,asia naz tanoli,2024-04-24
Reserved Seat,farah naz akbar,2024-04-24
Reserved Seat,shahnaz saleem malik,2024-04-24
Reserved Seat,tamkeen akhtar niazi,2024-04-24
Reserved Seat,huma akhtar chughtai,2024-04-24
Reserved Seat,mah jabeen khan abbasi,2024-04-24
Reserved Seat,gulnaz shahzadi,2024-04-24
Reserved Seat,shamaila rana,2024-04-24
Reserved Seat,shazia farid,2024-04-24
Reserved Seat,syeda amnah batool,2024-04-24
Reserved Seat,rabia naseem farooqui,2024-04-24
Reserved Seat,samina khalid ghurki,2024-04-24
Reserved Seat,farukh khan,2024-04-24
Reserved Seat,sehar kamran,2024-04-24
Reserved Seat,sharmila sahiba faruqui hashaam,2024-04-24
Reserved Seat,shagufta jumani,2024-04-24
Reserved Seat,shahida rehmani,2024-04-24
Reserved Seat,syeda shehla raza,2024-04-24
Reserved Seat,mahtab akbar rashdi,2024-04-24
Reserved Seat,mussarat,2024-04-24
Reserved Seat,mahreen razzaq bhutto,2024-04-24
Reserved Seat,shazia sobia aslam,2024-04-24
Reserved Seat,naz baloch,2024-04-24
Reserved Seat,sofia saeed shah,2024-04-24
Reserved Seat,nikhat shakeel khan,2024-04-24
Reserved Seat,sabheen ghoury,2024-04-24
Reserved Seat,rana ansar,2024-04-24
Reserved Seat,ghazala anjum,2024-04-24
Reserved Seat,shaheen,2024-04-24
Reserved Seat,naeema kishwar khan,2024-04-24
Reserved Seat,sadaf ihsan,2024-04-24
Reserved Seat,asma alamgir,2024-04-24
Reserved Seat,naeema kanwal,2024-04-24
Reserved Seat,shaista khan,2024-04-24
Reserved Seat,shahida begum,2024-04-24
Reserved Seat,kiran haider,2024-04-24
Reserved Seat,kesoo mal kheal das,2024-04-24
Reserved Seat,nelson azeem,2024-04-24
Reserved Seat,isphanyar m bhandara,2024-04-24
Reserved Seat,neelum,2024-04-24
Reserved Seat,james iqbal,2024-04-24
Reserved Seat,ramesh lal,2024-04-24
Reserved Seat,naveed aamir jeeva,2024-04-24
